,MSE,R²
Linear Regression,0.00026525926430826007,0.22707023243884927
Random Forest,9.997399487581622e-06,0.9708689244754427
