n_estimators,max_depth,MSE,R2
50,5.0,1.533734660256002e-05,0.9553090378372419
100,10.0,9.858009924554045e-06,0.9712750868872714
200,,9.55866125568364e-06,0.9721473485881139
